Média,Pseudonyme Facebook,Identifiant Facebook,Date de création de la page,Followers au 1er janvier 2022,Followers au 31 mai 2023,Croissance des followers,Likes au 1er janvier 2022,Likes au 31 mai 2023,Croissance des likes,Nombre de publications,Partages,Commentaires,Likes,Haha,Wow,Tristesse,Colère,Solidarité,Interactions totales,Interactions par publication,Nombre de vidéos,Vues,Vues par vidéo
"104,7 Outaouais",1047fm.Outaouais,100063772441457,2012-08-15 16:36:10,49047,52596,"7,2 %",44700,46759,"4,6 %",3969,104623,105283,91145,27799,12531,29410,15385,8537,410948,"103,5",84,329800,"3926,2"
106.9 FM Mauricie,fm.mauricie,100063670955241,2012-08-15 16:10:02,20638,22416,"8,6 %",20000,20866,"4,3 %",1298,29364,28489,27596,4190,4001,3868,3695,2389,109520,"84,4",102,185049,"1814,2"
107.7 Estrie,1077fm,100063589332484,2012-08-15 16:24:20,26785,27683,"3,4 %",26210,27127,"3,5 %",2710,8665,45731,20711,4550,2015,2783,2539,932,91300,"33,7",139,88076,"633,6"
24 heures,24heures.ca,509839125694576,2012-10-16 18:28:38,49243,76376,"55,1 %",29091,35144,"20,8 %",3458,38801,71348,116322,30844,8859,8535,7535,7424,308196,"89,1",182,1529659,"8404,7"
"98,5 FM",985fm,100053947105104,2010-07-09 14:06:39,108734,119016,"9,5 %",91971,99322,"8,0 %",4541,28554,254546,129381,45044,7755,20407,15624,13642,542565,"119,5",224,412187,"1840,1"
Actualités - L'Étincelle du Val SF,actualitesletincelle,100063454697742,2009-05-14 12:46:37,4237,4510,"6,4 %",4184,4531,"8,3 %",1669,3250,1020,5944,71,183,322,75,271,12097,"7,2",1,570,"570,0"
Agence Science-Presse,AgenceSciencePresse,100063585190730,2010-08-23 19:54:00,15472,16081,"3,9 %",14069,14915,"6,0 %",1089,2707,1995,7564,573,555,293,286,144,14746,"13,5",89,32502,"365,2"
Au fil de La Boyer,journal.la.boyer,100063079336391,2010-04-12 13:32:08,548,616,"12,4 %",507,569,"12,2 %",194,354,87,615,0,3,0,0,12,1213,"6,3",4,111,"27,8"
Avenues.ca,avenues.ca,100064060472577,2015-04-29 15:33:35,14446,17573,"21,6 %",13166,16412,"24,7 %",638,14060,9201,83431,433,1913,5260,643,4710,135997,"213,2",27,205923,"7626,8"
Beauce Média,beaucemedia,100047356160473,2009-08-23 17:56:42,12188,13911,"14,1 %",11279,13019,"15,4 %",852,12178,5559,20936,209,1824,2301,238,843,48234,"56,6",13,49379,"3798,4"
Bible urbaine,bibleurbainecom,211496422242320,2011-08-30 00:27:01,12951,13018,"0,5 %",12363,12417,"0,4 %",417,692,752,2855,8,34,4,0,57,5456,"13,1",3,3420,"1140,0"
billie,billie.qc,100044278217722,2017-06-21 19:28:02,10493,13265,"26,4 %",9764,12319,"26,2 %",1635,8022,23583,158244,2943,1497,1479,291,1259,210629,"128,8",13,9538,"733,7"
BPM Sports,bpmsportsradio,100042993437653,2015-08-02 14:37:42,42684,47594,"11,5 %",40342,43850,"8,7 %",1972,13431,152737,202006,26877,3575,6715,2712,7027,450722,"228,6",509,2498567,"4908,8"
Bulletin d'Aylmer,bulletinaylmer,921232881238617,2014-11-06 18:21:44,7566,9109,"20,4 %",6953,8149,"17,2 %",1003,8693,5348,21821,259,1332,791,250,1362,46672,"46,5",176,432421,"2456,9"
Bulletin des Chenaux,bulletindeschenaux,100063570520374,2011-06-27 20:00:12,1674,1886,"12,7 %",1516,1746,"15,2 %",119,342,79,320,1,5,1,0,8,905,"7,6",13,898,"69,1"
Bulletin Mékinac,bulletinmekinac,100046423946097,2012-12-05 13:49:59,1593,1863,"16,9 %",1438,1710,"18,9 %",42,89,12,68,1,0,0,0,3,196,"4,7",1,69,"69,0"
Bury's Image de Bury,BuryQuebec,100032758067918,2019-03-01 02:17:04,548,703,"28,3 %",494,601,"21,7 %",1521,1194,98,926,2,28,34,13,21,2452,"1,6",66,1130,"17,1"
C'est encore mieux l'après-midi,EncoreMieuxPM,100063527635390,2015-08-25 18:11:40,10897,12655,"16,1 %",9852,11658,"18,3 %",1728,2439,7625,13037,1896,1709,592,308,755,31886,"18,5",233,138932,"596,3"
CBC Montreal,CBCMontreal,128015371297,2009-09-09 14:33:10,179026,184637,"3,1 %",132125,136860,"3,6 %",2903,49251,494,171226,9876,10704,29228,9937,16562,331135,"114,1",27,265348,"9827,7"
CFBS Radio Blanc-Sablon,RadioBlancSablon,100044346379383,2012-12-19 17:56:19,3029,3581,"18,2 %",2660,2925,"10,0 %",2664,6016,3198,11412,111,222,111,19,307,23158,"8,7",125,49060,"392,5"
"CFIM, la radio des Îles de la Madeleine",cfimradio,100063597818096,2009-10-26 18:01:49,9332,10953,"17,4 %",8782,9724,"10,7 %",1861,7351,3513,16720,288,807,1194,113,896,34029,"18,3",7,36699,"5242,7"
"CFLX 95,5 FM",CFLX955,100046369423801,2015-04-07 00:46:33,1975,2237,"13,3 %",1767,1983,"12,2 %",273,255,209,1230,19,12,30,4,114,2258,"8,3",19,1987,"104,6"
CFMB 1280AM Radio Montréal,cfmb1280mtl,100034425527608,2011-05-13 13:28:00,2713,3374,"24,4 %",2648,3178,"20,0 %",839,651,1726,7104,14,30,22,8,183,10717,"12,8",351,21051,"60,0"
CFNJ 99 1 et 88 9,cfnjfm,100034354368883,2016-01-21 18:03:03,15338,17680,"15,3 %",14452,15979,"10,6 %",2265,11032,16710,29082,293,873,2603,262,1627,69610,"30,7",150,158957,"1059,7"
Cfyx93,cfyx93,100052679719113,2013-09-11 19:32:14,7182,8051,"12,1 %",6176,6773,"9,7 %",1043,2735,8448,6820,357,255,412,326,227,20661,"19,8",115,37375,"325,0"
CHAI 101.9 FM,1019fm.net,100062870184192,2011-02-24 12:36:07,2133,2187,"2,5 %",1822,1936,"6,3 %",93,168,35,204,3,3,3,0,4,459,"4,9",2,433,"216,5"
Chaleurs Nouvelles,chaleursnouvelles,100063458743110,2018-09-04 17:36:53,1894,1946,"2,7 %",1645,1702,"3,5 %",149,28,119,151,57,0,1,3,1,370,"2,5",9,402,"44,7"
Chambly Express.ca,ChamblyExpress,230043493688612,2011-06-13 19:20:44,1181,1244,"5,3 %",1072,1136,"6,0 %",1445,32,21,193,1,10,10,3,3,286,"0,2",0,0,"0,0"
Chatelaine,ChatelaineMagazine,100064898493568,2009-11-12 20:08:02,160698,161920,"0,8 %",159495,160694,"0,8 %",1199,3870,1544,16998,119,216,294,32,778,25728,"21,5",7,3690,"527,1"
"CHEF 99,9",CHEF99.ca,100064911841442,2014-06-25 18:55:49,641,914,"42,6 %",604,869,"43,9 %",104,856,183,155,1,44,145,1,5,1438,"13,8",17,388,"22,8"
"CHOX-FM 97,5",CHOX975,100063746523080,2009-12-15 19:29:42,3593,3923,"9,2 %",3346,3689,"10,3 %",118,271,218,788,19,16,5,10,17,1514,"12,8",14,3583,"255,9"
"CIAU FM 103,1",,100063578529314,2010-08-10 13:54:48,1302,1415,"8,7 %",1117,1236,"10,7 %",192,175,569,776,1,8,0,0,17,2073,"10,8",4,21,"5,3"
"CIBL 101,5",CIBL1015,100063798390286,2008-07-08 17:14:18,25850,27311,"5,7 %",23424,25308,"8,0 %",498,511,258,1729,41,22,0,4,40,3246,"6,5",15,1953,"130,2"
CIBM FM 107,CIBM107,100063576520336,2009-08-25 12:02:04,24127,25439,"5,4 %",23362,24304,"4,0 %",1370,18197,54860,39652,1687,2346,3044,1165,945,131950,"96,3",275,362014,"1316,4"
"CIEL FM 103,7",CIEL103,208658131206,2009-12-15 15:23:22,12690,14237,"12,2 %",12297,13426,"9,2 %",1635,14753,25469,38456,1814,2541,3103,1566,1126,97081,"59,4",14,19797,"1414,1"
CIEU FM 94.9-106.1,cieufm,100039388034890,2011-09-28 19:10:09,7655,8522,"11,3 %",7098,7794,"9,8 %",1364,5253,4272,15187,152,728,375,72,428,29915,"21,9",51,16177,"317,2"
Cign Coaticook,cign.cign,100063997392719,2013-12-20 14:41:51,7919,8914,"12,6 %",7488,8142,"8,7 %",913,7053,15684,14239,186,811,1098,181,625,43455,"47,6",15,13724,"914,9"
CIMT Nouvelles,cimtnouvelles,100063655299339,2010-12-12 16:00:02,43286,45036,"4,0 %",40571,41375,"2,0 %",4254,29490,24493,49652,4179,5174,11264,3097,3264,139380,"32,8",511,695211,"1360,5"
CIQI FM Montmagny,CIQI903,100063660305338,2011-06-09 16:48:51,4320,4453,"3,1 %",4048,4221,"4,3 %",78,193,669,605,8,11,16,2,12,1631,"20,9",9,1495,"166,1"
CityNews Montreal,CityNewsMTL,423596921055456,2013-02-11 21:17:47,58638,63546,"8,4 %",41095,43071,"4,8 %",10598,23708,32311,74045,7417,4338,16953,8126,7270,190320,"18,0",2793,1512088,"541,4"
CJAD 800 Montreal,cjad800,100064010050671,2009-03-31 17:52:21,44526,48034,"7,9 %",44001,47917,"8,9 %",7816,44000,115235,185014,26522,17605,35213,16202,9350,482494,"61,7",105,91479,"871,2"
"CJMD 96,9 Lévis",CJMD969,100050684370528,2012-08-23 23:12:34,22263,24748,"11,2 %",21612,23733,"9,8 %",694,6547,4624,8222,420,151,15,39,218,22302,"32,1",268,178817,"667,2"
"CKAJ FM 92,5 100% Régionale",ckajfm,100057349214195,2011-03-14 20:37:15,12850,14416,"12,2 %",11374,12309,"8,2 %",1106,8258,7841,10526,934,606,902,186,641,33216,"30,0",210,173264,"825,1"
CKIA FM,ckiafm,100063279799877,2010-12-20 04:55:30,6624,6974,"5,3 %",5860,6419,"9,5 %",205,381,246,1150,15,34,2,0,73,2385,"11,6",22,1810,"82,3"
"CKRL 89,1",CKRL891,100063568660370,2011-04-18 16:45:23,8107,8836,"9,0 %",6799,7736,"13,8 %",259,697,901,2108,3,56,137,0,187,5117,"19,8",60,6554,"109,2"
CKVL FM,radiockvl,100063706583111,2013-01-15 20:40:07,8055,8940,"11,0 %",7639,8230,"7,7 %",2167,1757,3493,3469,24,26,83,6,119,10604,"4,9",483,32384,"67,0"
"CKVM FM 92,1/ 93,1 La Voix du Témiscamingue",ckvmfm,100063626977337,2012-02-13 18:48:07,5249,5576,"6,2 %",4925,5171,"5,0 %",526,1796,1066,1905,137,149,94,46,51,5723,"10,9",28,15473,"552,6"
Courrier de Portneuf,courrierdeportneuf,100063550539083,2014-07-10 01:25:27,5464,6106,"11,7 %",5036,5541,"10,0 %",930,4017,1403,5829,166,268,583,80,383,14101,"15,2",0,0,"0,0"
Courrier Frontenac,CourrierFrontenac,100063759482177,2010-11-02 13:37:18,14084,15410,"9,4 %",13127,14485,"10,3 %",1385,17024,9103,37056,775,1622,3351,1219,1201,80309,"58,0",5,36109,"7221,8"
Courrier Laval,courrierlaval,100064916282950,2010-02-26 14:56:11,24376,29348,"20,4 %",22650,27832,"22,9 %",3889,23386,27260,43142,1661,5498,6775,3767,1724,120234,"30,9",371,189303,"510,3"
Dehors par URBANIA,dehors.ur,100081960135292,2021-04-21 13:08:23,80,2321,"2801,3 %",54,1834,"3296,3 %",303,3061,3281,8811,97,71,3,11,129,17915,"59,1",29,1505901,"51927,6"
Écho de Cantley,EchoCantley,100064563524801,2010-05-03 21:54:32,1043,1142,"9,5 %",942,1047,"11,1 %",1482,414,122,1252,0,45,27,10,60,2042,"1,4",67,1328,"19,8"
Écho de La Tuque,,100063500232987,2010-01-12 20:58:02,9791,10894,"11,3 %",9128,10276,"12,6 %",1373,16867,9226,31529,411,1798,1718,472,1509,72157,"52,6",29,50239,"1732,4"
Échos Montréal,EchosMontreal,100038387810839,2014-09-11 18:20:30,160,171,"6,9 %",132,154,"16,7 %",17,2,3,9,0,0,0,0,0,15,"0,9",0,0,"0,0"
Éditions du Journal de l'assurance,journalassurance,100063494473068,2015-07-15 14:58:32,4567,4625,"1,3 %",4222,4303,"1,9 %",1135,182,20,181,1,12,3,0,2,420,"0,4",0,0,"0,0"
EnBeauce.com,enbeauce,100063980265361,2010-06-22 01:08:39,36791,39874,"8,4 %",35899,38047,"6,0 %",6240,56151,47495,113449,10629,9640,14186,4204,3504,282177,"45,2",2,8034,"4017,0"
Espaces autochtones,espacesautochtones,1244324122290544,2016-11-14 20:22:30,55991,64515,"15,2 %",47655,53693,"12,7 %",3626,38782,13154,137506,1354,3292,10750,3360,22578,274462,"75,7",235,330394,"1405,9"
EstriePlus.com - Journal Web,EstriePlus,175788645805484,2011-04-05 15:48:28,15827,16509,"4,3 %",15385,15897,"3,3 %",1382,7987,4504,23010,275,908,486,316,840,43096,"31,2",0,0,"0,0"
"FLO 96,5",FLOFM96.5,100030412011635,2011-07-29 18:00:47,5631,6045,"7,4 %",5514,5982,"8,5 %",482,1829,1016,2247,202,179,230,43,85,6266,"13,0",11,3181,"289,2"
"FM 103,3 - La radio allumée",fm1033,100063474016000,2010-03-30 15:10:47,64118,65322,"1,9 %",64277,65287,"1,6 %",6005,24878,35663,31536,2100,2632,4879,2086,1232,112261,"18,7",86,14263,"165,8"
"FM Charlevoix - CIHO 96,3",CIHOFM,100063935592270,2013-03-20 20:13:03,15914,18373,"15,5 %",15126,16556,"9,5 %",3300,40462,32460,72577,1952,4599,5865,2813,2821,177719,"53,9",7,75221,"10745,9"
FM93 Québec,fm93quebec,100063713943041,2010-12-10 15:48:02,32376,48349,"49,3 %",30161,44094,"46,2 %",1315,11274,25850,34338,4859,2646,5637,1446,2108,96554,"73,4",137,742021,"5416,2"
Gaspésie Nouvelles,gaspesienouvelles,100063511843498,2018-09-04 17:21:50,2048,3355,"63,8 %",1730,2631,"52,1 %",327,2942,714,3294,32,94,92,15,64,7967,"24,4",18,3264,"181,3"
Global Montreal,globalmontreal,100057677935882,2010-04-23 16:35:32,64558,66884,"3,6 %",60795,63232,"4,0 %",15758,17472,40349,88170,18549,6224,15237,6836,9431,219375,"13,9",1198,477753,"398,8"
GoRimouski.com,GoRimouski,774231592664252,2015-01-13 18:34:20,541,555,"2,6 %",525,538,"2,5 %",1360,5,20,64,1,0,0,4,2,98,"0,1",0,0,"0,0"
GranbyExpress.com,GranbyExpress,100063672755188,2010-10-18 18:44:44,9669,11071,"14,5 %",9023,10485,"16,2 %",1878,11776,8070,22337,606,1367,1139,663,1025,52562,"28,0",63,133392,"2117,3"
Hebdo Rive Nord,hebdorn,100046496694859,2009-12-17 03:47:18,14645,15378,"5,0 %",13860,14445,"4,2 %",2035,4617,3067,9744,245,399,394,240,370,21303,"10,5",49,15627,"318,9"
ICI Abitibi-Témiscamingue,iciabitibi,275069289242598,2012-04-02 19:04:09,42725,50818,"18,9 %",29311,32960,"12,4 %",3801,124184,77705,245352,7213,17434,24328,11254,10157,561179,"147,6",338,3222628,"9534,4"
ICI Bas-Saint-Laurent,icibassaintlaurent,243777932386097,2012-04-12 13:27:08,40411,44734,"10,7 %",34022,36407,"7,0 %",1925,44116,35525,101034,4802,8010,13280,3500,5509,240374,"124,9",401,3158253,"7875,9"
ICI Côte-Nord,icicotenord,165824360177331,2011-10-28 01:08:34,30442,33670,"10,6 %",25449,26940,"5,9 %",2302,30497,22384,86584,3303,8386,9600,1806,3681,181573,"78,9",520,1105200,"2125,4"
ICI Estrie,iciestrie,211536155525838,2011-03-29 17:57:10,77337,94533,"22,2 %",61521,67487,"9,7 %",4472,192821,168122,388790,38371,33420,55187,27920,39356,1047550,"234,2",1222,26666214,"21821,8"
ICI Gaspésie-Les-Îles,icigaspesieilesdelamadeleine,226135530782200,2011-10-26 16:02:30,37971,45123,"18,8 %",33780,39049,"15,6 %",1505,48661,29726,117583,3216,12866,13473,2794,5792,254770,"169,3",243,2088532,"8594,8"
ICI Grand Montréal,icigrandmontreal,134483853321456,2011-11-04 14:10:01,51604,55021,"6,6 %",45654,47966,"5,1 %",1937,8660,23054,46135,6444,2444,4537,3074,4476,107250,"55,4",26,13800,"530,8"
ICI Mauricie Centre-du-Québec,icimauriciecentreduquebec,100063781831508,2010-03-10 15:50:50,64914,72463,"11,6 %",53322,56504,"6,0 %",5635,96946,92579,194508,18350,14806,30447,14775,18057,535819,"95,1",665,8243464,"12396,2"
ICI Ottawa Gatineau,iciottawagatineau,152856822182,2009-10-13 13:55:56,69223,76466,"10,5 %",59907,63129,"5,4 %",3937,42172,32260,100440,11139,6311,12022,9876,11177,249837,"63,5",769,2501239,"3252,6"
ICI Québec,iciquebec,100064359562713,2011-07-08 17:43:18,181868,222492,"22,3 %",140177,156481,"11,6 %",6677,207712,265731,542635,89466,32453,62082,55857,37624,1405988,"210,6",1687,24958693,"14794,7"
ICI Saguenay–Lac-Saint-Jean,icisaguenaylacsaintjean,471020985450,2010-02-03 16:23:36,80809,89161,"10,3 %",65472,70174,"7,2 %",4461,118703,127513,322705,12471,35122,45376,10783,18164,771508,"172,9",346,4270587,"12342,7"
Info Dimanche,infodimanche,100063759871440,2009-11-13 21:31:15,27585,30101,"9,1 %",26039,27726,"6,5 %",3441,40906,29437,91640,2783,6644,12517,2083,3269,209961,"61,0",137,424129,"3095,8"
INFOSuroit.com,INFOSuroitQC,100063686918285,2010-03-26 12:43:26,10366,11273,"8,7 %",9785,10630,"8,6 %",1818,6925,1983,14344,66,308,71,44,226,26716,"14,7",12,18535,"1544,6"
James Bay Cree Communications Society,JBCCS,100045496166019,2009-08-26 15:33:45,9950,10708,"7,6 %",9435,9742,"3,3 %",716,1426,1978,3389,50,145,73,5,97,7874,"11,0",113,57481,"508,7"
Journal Accès,journalacces,100063672875572,2014-01-24 17:38:21,14650,15902,"8,5 %",13293,14284,"7,5 %",1881,8129,5194,15268,226,1704,2595,265,1755,38758,"20,6",188,141956,"755,1"
Journal Autour de l'Île,autourdelile,100063721505760,2011-02-08 22:05:29,2029,2333,"15,0 %",1815,2066,"13,8 %",3305,1592,1050,5838,7,142,33,1,198,9953,"3,0",102,13493,"132,3"
Journal communautaire Ensemble pour bâtir,journalensemble,100050442861803,2015-07-19 11:22:57,592,666,"12,5 %",561,618,"10,2 %",157,369,174,512,0,6,22,0,16,1233,"7,9",2,68,"34,0"
Journal communautaire Ici Brompton,,100064955703081,2017-03-13 16:04:13,841,1057,"25,7 %",771,945,"22,6 %",181,597,165,921,3,22,23,2,32,2004,"11,1",7,333,"47,6"
Journal communautaire Le Cantonnier,lecantonnier,100051460194112,2013-12-06 20:30:27,612,794,"29,7 %",548,743,"35,6 %",1199,2221,129,1169,2,32,2,0,27,3742,"3,1",18,276,"15,3"
Journal coopératif L'Oie blanche,JournalLOieblanche,100063725453806,2010-11-12 20:57:00,4594,5601,"21,9 %",4218,4955,"17,5 %",2288,9988,3862,18070,125,496,544,54,748,38939,"17,0",4,663,"165,8"
Journal Coup d'oeil,coupdoeil.info,100063479983560,2010-10-28 15:25:48,4225,4703,"11,3 %",3908,4244,"8,6 %",2219,5226,1311,5225,32,231,389,73,186,14214,"6,4",3,78,"26,0"
Journal de Chambly,journaldechambly,100063641346866,2010-04-28 14:47:30,8824,9918,"12,4 %",8217,9374,"14,1 %",1341,5853,7200,14414,637,1173,1679,726,1035,36648,"27,3",5,2799,"559,8"
Journal des citoyens,journaldescitoyens,100064499569748,2016-05-01 20:58:22,464,520,"12,1 %",417,455,"9,1 %",346,67,21,132,0,10,2,0,4,264,"0,8",2,0,"0,0"
Journal des voisins,JDvoisins,100040041255887,2012-03-31 00:30:09,3130,3513,"12,2 %",2832,3163,"11,7 %",662,830,954,3044,46,169,176,85,232,6334,"9,6",6,1429,"238,2"
Journal Droit de Parole,droitdeparole.org,100054336025043,2012-11-14 02:20:34,2675,2742,"2,5 %",2549,2651,"4,0 %",154,45,21,179,1,1,0,0,21,319,"2,1",6,177,"29,5"
Journal Entrée Libre,journalentreelibre,100063551261544,2009-07-08 18:40:10,1111,1227,"10,4 %",1043,1160,"11,2 %",116,63,20,207,1,3,1,0,7,339,"2,9",3,117,"39,0"
Journal EPIK,,100064331186546,2013-12-15 20:56:59,554,580,"4,7 %",535,562,"5,0 %",26,22,14,73,0,1,1,0,1,124,"4,8",1,15,"15,0"
JOURNAL GRAFFICI,GRAFFICI.CA,100035437763292,2010-01-19 18:09:39,4774,4941,"3,5 %",4484,4857,"8,3 %",163,144,47,502,0,2,2,0,15,806,"4,9",6,808,"134,7"
Journal Haute-Côte-Nord,LeHauteCoteNord,100046316481092,2011-07-16 15:37:19,6186,6816,"10,2 %",5918,6305,"6,5 %",3141,13838,4382,15980,467,1003,1408,535,459,41173,"13,1",2,2105,"1052,5"
Journal L'Action,journallaction,100063679265576,2010-01-30 16:38:48,16787,18287,"8,9 %",15589,16596,"6,5 %",2396,18575,6640,19718,533,1578,3151,481,1098,56344,"23,5",33,22559,"683,6"
Journal L'Action D'Autray,LActionDAutray,100063505933044,2010-09-17 13:26:22,2300,2493,"8,4 %",2144,2331,"8,7 %",1110,1185,183,875,13,21,18,21,47,2725,"2,5",22,989,"45,0"
Journal l'Alliance de Preissac,JournalAlliancePreissac,1568411916822268,2016-04-23 17:40:27,479,537,"12,1 %",463,516,"11,4 %",95,48,33,121,0,2,0,0,4,224,"2,4",17,294,"17,3"
Journal L'annonceur,,100066781795023,2013-10-10 17:27:55,1506,1603,"6,4 %",1415,1510,"6,7 %",23,385,150,318,0,6,5,7,7,980,"42,6",0,0,"0,0"
Journal L'Argenteuil,JournalLArgenteuil,100048591372686,2011-11-29 17:17:57,3431,4020,"17,2 %",3023,3467,"14,7 %",758,1901,935,3682,30,108,143,51,186,8115,"10,7",17,10780,"634,1"
Journal l'Écho d'en Haut Inc.,journal.1983,100040926144946,2014-10-08 18:49:37,1265,1374,"8,6 %",1198,1287,"7,4 %",109,402,37,300,0,0,0,0,5,795,"7,3",0,0,"0,0"
Journal L'Éveil,JOURNAL.LEVEIL,100063786150351,2010-01-19 19:32:35,5337,6058,"13,5 %",4951,5803,"17,2 %",461,3784,1003,4627,41,292,607,82,240,11591,"25,1",88,171320,"1946,8"
Journal L'Express de Drummondville,JournalExpressDrummond,100063838761554,2010-06-25 15:37:48,35842,40601,"13,3 %",33787,36630,"8,4 %",2905,58396,66995,153057,4400,11685,16498,3164,8630,364460,"125,5",29,297193,"10248,0"
Journal L'Express Montcalm,ExpressMontcalm,100063692883997,2010-07-24 13:53:11,4627,5300,"14,5 %",4342,4842,"11,5 %",1425,7198,911,2494,66,76,410,73,133,12117,"8,5",61,9139,"149,8"
"Journal L'Horizon, presse coopérative des Basques",,100039257273379,2014-01-30 14:56:23,805,907,"12,7 %",765,842,"10,1 %",2657,802,267,743,21,13,6,5,18,2067,"0,8",0,0,"0,0"
Journal La Pensée de Bagot,JournalLaPenseeDeBagot,100047370049252,2013-01-25 13:40:57,4067,4804,"18,1 %",3863,4299,"11,3 %",711,5461,1711,5373,74,331,1271,129,535,16365,"23,0",6,75027,"12504,5"
Journal La Rafale,JournalLaRafale,109513637357837,2020-03-24 13:14:39,300,300,"0,0 %",279,279,"0,0 %",1,1,0,0,0,2,6,0,0,9,"9,0",0,0,"0,0"
Journal La Relève,laseigneurie,135232993187108,2010-08-20 19:14:35,2288,2670,"16,7 %",2085,2413,"15,7 %",2178,993,814,2178,44,122,145,90,131,5074,"2,3",0,0,"0,0"
Journal La Revue,revueterrebonne,100063725572412,2008-12-14 17:29:39,12338,13636,"10,5 %",11586,12581,"8,6 %",2570,9803,10344,28154,503,1433,1441,531,1846,62435,"24,3",111,701659,"6321,3"
Journal La Voie du Secteur des Coteaux,journallavoie,100064539768477,2017-08-14 00:12:05,217,369,"70,0 %",203,273,"34,5 %",243,807,177,498,1,21,17,2,13,1692,"7,0",10,705,"70,5"
Journal Le Canada Français,lecanadafrancais,100060284385246,2010-01-15 01:21:00,32238,34846,"8,1 %",29996,32607,"8,7 %",543,15647,16694,20057,1559,4360,6537,1669,970,71787,"132,2",11,48658,"4423,5"
Journal Le Carrefour de Québec,LeCarrefourQc,100063573552403,2010-10-27 00:21:35,3172,4314,"36,0 %",2843,3932,"38,3 %",1879,4749,2576,8592,538,316,180,202,303,19234,"10,2",3,785,"261,7"
Journal Le Causeur - Daveluyville et Maddington,journallecauseur,100064702715241,2012-05-17 18:01:58,408,434,"6,4 %",391,411,"5,1 %",43,61,5,53,0,0,0,0,0,119,"2,8",0,0,"0,0"
Journal Le Citoyen Val-d'Or - Amos,lecitoyenvaldoramos,100063744245399,2010-01-13 13:57:57,23533,24184,"2,8 %",23056,23618,"2,4 %",3635,15572,11579,29945,1564,1866,2195,997,777,70541,"19,4",34,17061,"501,8"
Journal le Haut-Saint-François,JournalleHSF,100063767011404,2017-07-17 14:10:34,2129,2394,"12,4 %",1950,2225,"14,1 %",129,447,188,589,5,6,1,0,13,1393,"10,8",0,0,"0,0"
Journal Le Lavalois,journallelavalois,100063594132652,2016-04-23 17:36:42,792,873,"10,2 %",754,840,"11,4 %",765,403,118,690,1,54,13,0,159,1660,"2,2",15,265,"17,7"
Journal Le Manic,LeManicJournal,100063644407298,2011-03-23 00:30:43,15039,16507,"9,8 %",14476,15456,"6,8 %",4137,39542,32661,84877,5808,4491,5741,2919,3383,198367,"47,9",0,0,"0,0"
Journal Le Montérégien,journallemonteregien,100063631025338,2017-04-10 23:41:08,1327,1405,"5,9 %",1219,1278,"4,8 %",755,349,51,564,4,6,20,1,18,1112,"1,5",0,0,"0,0"
Journal Le Mouton Noir,MoutonNoir,100063556060646,2011-04-15 16:29:10,4900,7269,"48,3 %",4500,6261,"39,1 %",640,4047,2891,9620,1030,330,255,473,868,21505,"33,6",23,1843,"80,1"
Journal Le Nord,JournalLeNordStJerome,100041611249498,2014-11-03 13:55:58,10142,11385,"12,3 %",9426,10519,"11,6 %",1931,6865,3675,11870,348,593,1364,231,1311,28800,"14,9",174,71161,"409,0"
Journal le Phare,journallephare.org,100063764191409,2009-12-29 14:43:18,1404,1433,"2,1 %",1381,1432,"3,7 %",439,195,37,148,0,1,0,0,5,406,"0,9",16,105,"6,6"
Journal Le Pont de Palmarolle,JournalLePont,100063505810970,2014-02-10 18:20:12,1440,1676,"16,4 %",1352,1491,"10,3 %",278,1508,1048,2732,14,111,302,16,222,6636,"23,9",2,0,"0,0"
Journal Le Reflet,JournalLeRefletGraviteMedia,100063457423528,2009-07-14 20:00:07,19928,22843,"14,6 %",18382,20188,"9,8 %",4161,33790,30426,68782,2529,7330,8449,3114,4303,174110,"41,8",16,33688,"2105,5"
Journal Le Reflet,RefletTemis,100063626889420,2010-12-29 14:47:31,6693,6946,"3,8 %",6531,6707,"2,7 %",1019,3490,3278,8886,48,135,60,36,191,18458,"18,1",2,163,"81,5"
Journal le Réveil,j.le.reveil,100071202192678,2016-10-03 17:31:58,506,542,"7,1 %",486,515,"6,0 %",14,51,3,6,0,0,0,0,0,60,"4,3",0,0,"0,0"
Journal Le Richelieu,JournalLeRichelieu,100063633065493,2013-05-01 14:39:34,904,986,"9,1 %",839,938,"11,8 %",738,100,12,129,0,2,5,2,1,261,"0,4",0,0,"0,0"
Journal Le Saint Denisien,saint.denisien,100058705311861,2014-02-18 03:40:00,939,977,"4,0 %",887,919,"3,6 %",153,172,14,133,1,4,0,0,4,351,"2,3",1,13,"13,0"
Journal Le Sentier,,100045218839045,2016-04-02 21:14:09,410,509,"24,1 %",381,471,"23,6 %",232,180,71,376,0,1,8,0,14,728,"3,1",3,114,"38,0"
Journal Le Soir,journallesoir.ca,100063635679709,2019-09-06 14:01:39,7382,12973,"75,7 %",6778,12310,"81,6 %",6087,32023,40869,130246,3554,5982,7313,2766,4627,251290,"41,3",71,18916,"266,4"
Journal Local Le Félix,JournalLocalLeFelix,100063463361214,2015-09-25 15:04:30,579,634,"9,5 %",539,592,"9,8 %",46,42,13,37,0,0,2,1,8,112,"2,4",1,28,"28,0"
Journal Métro,journalmetro,100064403815260,2009-04-09 20:45:18,166283,172211,"3,6 %",161867,168993,"4,4 %",9517,69056,165950,332152,65422,19228,24032,17761,11607,760414,"79,9",103,85290,"828,1"
Journal Mobiles,JournalMobiles,100031252726037,2010-02-15 21:32:20,23185,25708,"10,9 %",18735,20314,"8,4 %",881,25905,18435,41683,811,2286,5061,659,2731,108792,"123,5",322,3384682,"10511,4"
Journal Saint-François,SaintFrancoisGravite,100040747883115,2013-01-18 15:29:00,24003,25533,"6,4 %",22772,23675,"4,0 %",3985,34701,22685,56415,1533,5890,7938,1802,2902,146260,"36,7",20,82123,"4106,2"
Journal Ski-se-Dit,skisedit,100038006095413,2015-06-12 17:54:52,1526,1739,"14,0 %",1365,1634,"19,7 %",532,885,291,1338,2,37,241,6,130,3303,"6,2",19,2502,"131,7"
Journal Tam Tam,matapedialesplateaux2.0,100063754443858,2019-11-23 03:28:04,660,829,"25,6 %",613,736,"20,1 %",867,1015,838,3005,35,41,4,0,131,5720,"6,6",42,1423,"33,9"
Journal TDN,journal.tdn,100063538874611,2009-10-03 03:43:39,3985,4255,"6,8 %",3854,3978,"3,2 %",1362,2948,858,3604,139,489,146,99,140,9281,"6,8",101,10861,"107,5"
JournalLeGuide.com,JournalLeGuide,100063798540469,2010-10-18 18:58:04,2815,2955,"5,0 %",2554,2741,"7,3 %",511,580,230,1217,9,44,17,1,43,2369,"4,6",3,940,"313,3"
L'actualité,lactualite,100064243942560,2008-03-29 18:39:34,445059,449633,"1,0 %",444729,447966,"0,7 %",1607,16810,39817,35831,5372,1271,4217,3328,2780,113877,"70,9",19,9902,"521,2"
L'Avantage,lelaurentien,100063566864207,2010-02-17 16:18:16,62091,62235,"0,2 %",64087,64492,"0,6 %",1922,10955,10766,36075,964,928,1657,667,1408,71757,"37,3",26,10517,"404,5"
L'Avantage Gaspésien,avantagegaspesien,100063574541180,2010-01-13 15:18:10,11584,12766,"10,2 %",10888,12082,"11,0 %",734,9537,6846,27391,611,930,838,481,650,52832,"72,0",18,5850,"325,0"
L'écho de Compton,comptonecho,100043956235742,2013-03-31 16:37:09,1490,1709,"14,7 %",1434,1579,"10,1 %",501,1380,462,2562,6,43,66,12,146,5576,"11,1",42,4530,"107,9"
L'Écho de la Rive-Nord,lechorivenord,138124172901448,2010-10-14 18:58:43,2365,2489,"5,2 %",2203,2297,"4,3 %",1867,107,88,248,22,15,17,38,24,595,"0,3",0,0,"0,0"
L'Écho de Maskinongé,echomaskinonge,100063736951495,2011-07-28 17:26:29,9390,10122,"7,8 %",8642,9085,"5,1 %",931,7376,3381,12808,54,718,1461,56,410,29499,"31,7",3,1302,"434,0"
L'Écho de St-François,EchoStFrancois,100059981777535,2016-04-23 17:28:52,146,284,"94,5 %",132,249,"88,6 %",34,22,9,31,0,0,1,0,10,84,"2,5",1,79,"79,0"
L'Écho de Trois-Rivières,lecho3rivieres,114149325352789,2011-08-22 20:59:27,3339,3452,"3,4 %",3374,3481,"3,2 %",1832,301,263,359,112,25,16,54,15,1217,"0,7",0,0,"0,0"
L'épicerie,lepicerie,100064084267099,2008-08-19 20:17:32,102631,115832,"12,9 %",100015,113918,"13,9 %",773,35768,24487,126820,2430,5125,6721,1321,6139,233288,"301,8",307,2422191,"7889,9"
L'Hebdo du St-Maurice,lhebdodustmaurice,100050556595710,2011-07-08 14:38:44,19809,21615,"9,1 %",18720,19741,"5,5 %",1792,24973,18665,66889,1406,2421,1739,1061,2514,138829,"77,5",37,140354,"3793,4"
L'Hebdo Journal,hebdojournal,100037960883315,2010-10-07 13:06:23,23114,25353,"9,7 %",22182,23497,"5,9 %",2647,26745,19261,69263,1482,3074,3487,1290,2777,144055,"54,4",36,40570,"1126,9"
L'Indice bohémien,indicebohemien,100063492463736,2009-03-23 18:19:03,4786,5068,"5,9 %",4385,4759,"8,5 %",466,767,370,1714,0,28,2,0,53,3872,"8,3",26,3463,"133,2"
L'info de la Basse-Lièvre,infodelabasselievre,100063693481322,2011-12-14 18:57:14,4467,5206,"16,5 %",4213,4756,"12,9 %",1424,3700,2987,8192,81,245,180,129,319,17736,"12,5",37,23629,"638,6"
L'info de la Vallée,infodelavallee,100031908416924,2013-04-09 16:16:05,2994,3359,"12,2 %",2848,3217,"13,0 %",1270,2231,840,3319,13,67,59,16,65,7319,"5,8",16,1452,"90,8"
L'info du Nord Mont-Tremblant,linfodunordmt,100063565902064,2011-02-17 19:40:57,10982,13088,"19,2 %",10075,12189,"21,0 %",2514,13488,9770,27467,465,1590,1589,778,988,63481,"25,3",59,62167,"1053,7"
L'info du Nord Sainte-Agathe,linfodunordsa,100063679835560,2010-01-13 21:06:40,10158,12312,"21,2 %",9476,11612,"22,5 %",2494,14459,7835,20265,385,1894,3298,455,1286,54868,"22,0",57,74493,"1306,9"
L'info du Nord Vallée de la Rouge,linfodunordvr,100051626713459,2011-02-17 20:00:53,4404,4971,"12,9 %",4037,4606,"14,1 %",1978,3360,1211,4448,112,286,589,189,191,11021,"5,6",27,5359,"198,5"
L'info Petite Nation,infopetitenation,100063579997190,2011-12-14 18:59:10,7102,7787,"9,6 %",6694,7176,"7,2 %",1439,9000,2496,9619,105,342,441,141,309,24989,"17,4",20,4241,"212,1"
L'Information d'affaires d'ici,Informationdaffairesdici,100071363568926,2018-01-31 15:39:49,464,540,"16,4 %",419,496,"18,4 %",887,132,18,151,0,0,2,1,4,361,"0,4",0,0,"0,0"
L'OEil Régional,OeilRegional,100063604569623,2011-01-28 16:04:15,9084,10319,"13,6 %",8322,9700,"16,6 %",601,3239,3602,8761,195,726,1109,279,541,21373,"35,6",4,18263,"4565,8"
La Converse,laconversemedia,112385513782846,2020-04-24 17:58:41,3571,4223,"18,3 %",3269,3805,"16,4 %",95,910,450,2314,86,76,1332,80,694,6496,"68,4",15,2107,"140,5"
La Gazette de la Mauricie,lagazettedelamauricie,100049901726916,2014-07-21 15:29:28,3121,3589,"15,0 %",2701,3055,"13,1 %",450,578,458,2774,11,32,41,6,320,5268,"11,7",14,715,"51,1"
La Presse,LaPresseFB,100064750746253,2009-04-02 03:00:46,708185,731824,"3,3 %",683227,707970,"3,6 %",30123,346752,1372094,1831897,639194,126297,304262,228082,157496,5390605,"179,0",13,23293,"1791,8"
La Presse Canadienne,LaPressecanadienne,100063952057309,2016-07-26 17:10:30,6374,7406,"16,2 %",5782,6470,"11,9 %",252,106,335,300,118,11,23,38,11,970,"3,8",0,0,"0,0"
La semaine verte,semaineverte,100063815640094,2008-08-19 20:40:19,83669,100234,"19,8 %",66950,77528,"15,8 %",402,23880,7657,48984,414,1832,2417,978,2033,95722,"238,1",236,1850435,"7840,8"
La Sentinelle,sentinellechibougamau,100063745654565,2012-11-22 15:46:39,3348,3640,"8,7 %",3193,3434,"7,5 %",53,632,62,305,1,40,12,8,14,1108,"20,9",1,949,"949,0"
La Terre de chez nous,laterreca,100063696246038,2010-02-25 19:44:56,57662,64281,"11,5 %",53408,58122,"8,8 %",1762,34616,34412,115564,2584,6156,14807,3960,4661,235139,"133,5",48,366737,"7640,4"
La Tribune,Latribunedesherbrooke,100063740523358,2009-10-15 19:00:54,51683,55819,"8,0 %",48821,52822,"8,2 %",13158,79132,109865,234724,27461,24059,38901,22969,19701,612682,"46,6",141,620686,"4402,0"
La Vie d'Ici,laviedici,100063634145177,2015-08-21 02:22:22,253,270,"6,7 %",242,260,"7,4 %",11,4,6,15,0,0,1,0,1,40,"3,6",0,0,"0,0"
La Voix de l'Est,lavoixdelest,100063772922658,2011-01-17 19:00:32,33622,38319,"14,0 %",31322,35987,"14,9 %",19567,80899,73833,200278,21560,21550,30767,18139,13740,512396,"26,2",201,286984,"1427,8"
La voix de la vallée - Laurentien,lavalleelaurentien,100063593260198,2010-01-13 14:23:58,4891,5336,"9,1 %",4576,4867,"6,4 %",466,5151,2596,10744,60,706,570,133,439,23456,"50,3",19,5106,"268,7"
La Voix du Sud,lavoixdusud,100063533621737,2009-07-21 15:26:01,12262,14044,"14,5 %",11300,13092,"15,9 %",928,15781,5994,26233,261,1274,2090,275,686,57093,"61,5",15,40074,"2671,6"
lAvenirEtDesRivieres.com,lAveniretDesRivieres,100063722342748,2010-10-18 18:53:47,2155,2420,"12,3 %",1977,2270,"14,8 %",813,2011,860,3982,13,93,147,19,131,8030,"9,9",1,310,"310,0"
Le 15-18,Le1518,100064088911067,2013-06-19 18:32:09,29082,30970,"6,5 %",27373,29300,"7,0 %",2118,9043,17198,50949,1682,3608,4615,2326,4049,104612,"49,4",17,23177,"1363,4"
Le Bulletin des agriculteurs,leBulletindesagriculteurs,100063478334106,2018-01-30 00:58:02,2849,3800,"33,4 %",2395,2991,"24,9 %",808,1733,261,3168,133,93,78,4,160,5742,"7,1",9,4346,"482,9"
Le Bureau d'enquête,lebureaudenquete,100044373761872,2016-03-01 17:18:41,22202,23325,"5,1 %",20796,21865,"5,1 %",410,1045,1934,2193,964,549,146,720,14,7650,"18,7",21,7244,"345,0"
Le Charlevoisien,charlevoisien,100063454546318,2013-01-18 14:27:02,12100,15200,"25,6 %",11364,13428,"18,2 %",4854,58428,35947,107245,3870,6401,8330,2809,3796,245400,"50,6",0,0,"0,0"
Le Citoyen Rouyn - La Sarre,lecitoyenrouynlasarre,100063753092649,2009-06-30 19:43:14,21754,22364,"2,8 %",21421,22223,"3,7 %",3398,16654,9531,30883,1099,1651,1978,768,809,70572,"20,8",31,8856,"285,7"
Le Courrier de Saint-Hyacinthe,lecourrier1853,100064455979479,2015-12-29 19:42:20,15735,24416,"55,2 %",14654,19777,"35,0 %",813,45924,29867,38169,1305,11441,24065,1617,3121,162986,"200,5",94,600603,"6389,4"
Le Courrier du Sud,lecourrierdusud,100064973430656,2010-02-05 20:52:33,14986,16638,"11,0 %",10810,11529,"6,7 %",3959,13684,11325,24812,1437,2692,3787,1546,1335,66147,"16,7",5,1544,"308,8"
Le Courrier Sud,LeCourrierSud,100063495163209,2011-06-22 20:54:00,13409,14486,"8,0 %",12180,13343,"9,5 %",2267,16835,8911,35849,548,1574,1152,377,1117,76041,"33,5",27,25154,"931,6"
Le Devoir,ledevoir,100064833755433,2009-06-17 20:30:44,452094,492505,"8,9 %",387314,424774,"9,7 %",15180,370719,769446,1674865,389198,74705,231068,176610,129733,4075351,"268,5",317,7731592,"24389,9"
Le Droit,LeDroitca,100063709793429,2010-09-15 19:40:22,42340,47286,"11,7 %",39266,44408,"13,1 %",13791,43697,64089,168573,20309,11921,29391,16091,16195,407225,"29,5",133,88137,"662,7"
Le Journal de Joliette,jdejoliette,127981430568524,2010-06-17 01:03:01,9595,10077,"5,0 %",9088,9451,"4,0 %",1926,3450,1415,4702,619,277,513,316,229,12056,"6,3",0,0,"0,0"
Le Journal de Lévis,LeJournaldeLevis,100063585819454,2009-11-17 14:58:34,18503,23074,"24,7 %",17323,19854,"14,6 %",3662,37477,23429,51040,4582,5532,3445,2330,1897,143062,"39,1",37,165684,"4477,9"
Le Journal de Montréal,jdemontreal,100064702091893,2011-06-09 20:52:08,718627,763966,"6,3 %",716211,739946,"3,3 %",25280,852496,2375225,3123767,780051,374381,770398,447744,259081,9566957,"378,4",32,392260,"12258,1"
Le Journal de Québec,JdeQuebec,100064629642245,2010-10-05 19:04:37,435116,472544,"8,6 %",433610,453014,"4,5 %",24892,444111,1137887,1851178,359186,155571,352920,187209,146545,5002527,"201,0",8,115943,"14492,9"
Le magazine de rue La Quête,laquete.magazinederue,100064641671677,2013-07-30 13:42:13,1772,2056,"16,0 %",1658,1926,"16,2 %",82,223,80,526,1,9,37,10,184,1385,"16,9",11,573,"52,1"
Le Montarvillois,Le.Montarvillois,100063649146357,2017-07-24 19:34:41,2754,2831,"2,8 %",2485,2545,"2,4 %",79,37,43,168,0,6,21,3,5,297,"3,8",0,0,"0,0"
Le Nord Info,NordInfoCom,100028989116634,2010-01-19 19:28:13,6185,6500,"5,1 %",5846,6304,"7,8 %",318,931,483,2632,54,53,75,25,81,4726,"14,9",22,17142,"779,2"
Le Nord-Côtier,LeNordCotier,100063576610966,2010-01-12 02:21:45,22835,24627,"7,8 %",21783,22863,"5,0 %",4811,41268,30797,60240,3534,4009,6619,2663,2934,167724,"34,9",21,52549,"2502,3"
Le Nouvelliste,lenouvelliste,100055228675506,2010-10-13 19:03:57,64655,76884,"18,9 %",62233,74171,"19,2 %",19037,171116,240199,769133,84529,39658,65572,36132,47394,1619206,"85,1",224,477658,"2132,4"
Le p'tit journal de Woburn,,100067745783435,2012-08-26 21:49:56,729,905,"24,1 %",687,842,"22,6 %",341,799,422,1522,5,32,36,0,51,3239,"9,5",28,3772,"134,7"
Le Peuple Lotbinière,plotbiniere,100047124620966,2009-08-23 18:08:21,6587,7561,"14,8 %",6200,6788,"9,5 %",992,4727,2299,7735,281,356,381,192,158,18036,"18,2",13,5954,"458,0"
Le Placoteux,LePlacoteux,100063732455112,2011-02-10 19:17:09,10131,11566,"14,2 %",9560,10515,"10,0 %",1218,13375,7648,29594,510,1302,1537,570,1471,62769,"51,5",1,236,"236,0"
Le Progrès de Coaticook,LeProgresDeCoaticook,100069829520614,2010-10-08 19:32:51,5174,5806,"12,2 %",4846,5568,"14,9 %",1324,6496,3816,18977,237,969,779,139,589,37026,"28,0",5,3605,"721,0"
Le Québec Matin,lequebecmatin,682636768432850,2013-09-11 00:25:19,60292,65989,"9,4 %",59823,64940,"8,6 %",402,1737,45204,12943,2300,487,1847,1539,1282,69934,"174,0",47,43970,"935,5"
Le Quotidien,LeQuotidienProgres,100063546551184,2010-02-05 14:19:36,45400,52954,"16,6 %",42902,49924,"16,4 %",12710,113858,158748,283046,31083,30275,40286,17791,16821,762353,"60,0",181,482031,"2663,2"
Le Reflet du Lac,LeRefletduLac,100063512383147,2010-08-27 18:33:35,17955,19759,"10,0 %",17048,19148,"12,3 %",1926,22362,21669,78614,1403,4287,3181,1554,3587,154919,"80,4",15,50916,"3394,4"
Le réseau IPIX TV,soreltracyinfo,100063450597345,2016-08-31 15:25:31,1367,1424,"4,2 %",1231,1285,"4,4 %",180,212,50,345,2,1,0,0,4,702,"3,9",24,1561,"65,0"
Le Saint-Armand,,100064414463045,2016-04-23 17:43:12,489,523,"7,0 %",444,475,"7,0 %",290,130,16,185,0,7,3,2,20,395,"1,4",2,44,"22,0"
Le Soleil,lesoleildequebec,100063641827245,2011-01-20 21:20:29,108198,122736,"13,4 %",96113,108653,"13,0 %",17109,165682,467220,818576,185449,40163,79109,54553,53080,2018674,"118,0",269,1371962,"5100,2"
Le Soleil de Châteauguay,JournalLeSoleildeChateauguay,100063737882788,2010-01-31 02:56:12,19288,20743,"7,5 %",18019,19671,"9,2 %",3398,24847,18881,48936,1501,5288,5299,1825,4436,122677,"36,1",9,111855,"12428,3"
Le Téléjournal 18 h,tj18h,100064421300312,2010-08-17 18:34:07,369461,431623,"16,8 %",249194,293450,"17,8 %",1573,138755,155412,303900,52994,9436,20419,28337,15776,775047,"492,7",1563,29619332,"18950,3"
Le Trait d'Union,traitdunionsaguenay,100063489424900,2016-12-11 13:28:12,1191,1354,"13,7 %",1088,1211,"11,3 %",233,485,190,809,0,16,0,0,21,1870,"8,0",9,337,"37,4"
Le Val-Ouest,levalouest,100068596472306,2020-03-23 16:19:05,490,674,"37,6 %",422,542,"28,4 %",505,955,330,1470,0,38,20,5,45,3184,"6,3",3,100,"33,3"
Les 2 Rives,journalles2rives,100046352926785,2010-06-05 23:18:50,19270,20866,"8,3 %",16619,18462,"11,1 %",2453,32359,24153,58761,1382,3477,7093,2039,2956,148909,"60,7",22,41299,"1877,2"
Les Affaires,la.lesaffaires,100064349397262,2009-07-13 14:30:20,171602,191303,"11,5 %",159763,171288,"7,2 %",10086,80468,219076,432213,96081,13698,7853,20682,5597,906537,"89,9",15,7061,"470,7"
Les as de l'info,lesasdelinfo,107477141151490,2020-10-23 14:29:58,804,1844,"129,4 %",729,1590,"118,1 %",589,1715,284,2546,68,49,70,8,216,5759,"9,8",49,53601,"1093,9"
Les Éditions des Trois Clochers - Journal Le Hublot,troisclochers,100067786043676,2014-09-29 12:45:48,283,302,"6,7 %",265,292,"10,2 %",37,13,3,18,2,0,1,0,0,41,"1,1",0,0,"0,0"
Ma Beauce,mabeauce,100063769201574,2019-09-09 19:06:19,2103,2578,"22,6 %",1936,2246,"16,0 %",2194,2409,734,2184,385,173,278,224,33,6666,"3,0",1,736,"736,0"
Ma Côte-Nord,macotenord,440606566689266,2019-04-26 15:01:29,6717,8493,"26,4 %",6116,7395,"20,9 %",2994,13270,6158,11898,1516,956,1960,711,807,40003,"13,4",12,2131,"177,6"
Ma Gaspésie,,100068391280155,2021-04-27 15:21:00,1945,3164,"62,7 %",1897,2884,"52,0 %",1269,4381,944,2708,88,257,742,143,93,9684,"7,6",0,0,"0,0"
MAJ - L'actualité pour les jeunes,majmonactu,100063651653741,2019-09-18 15:50:19,8173,10140,"24,1 %",7140,9158,"28,3 %",171,994,159,1762,24,24,34,2,92,3651,"21,4",116,82778,"713,6"
MAtv Bas-Saint-Laurent,MAtvBSL,100063700504915,2014-07-05 03:05:05,2782,3128,"12,4 %",2428,2709,"11,6 %",207,200,69,286,1,2,0,0,3,673,"3,3",99,7938,"80,2"
MAtv CapdelaMadeleine,MAtvCapdelaMadeleine,100063573488449,2014-07-05 02:19:52,1726,2039,"18,1 %",1477,1666,"12,8 %",288,217,203,462,0,2,0,0,7,1922,"6,7",86,3777,"43,9"
MAtv Granby,MAtvGranby,100052602765113,2014-07-05 02:39:51,1854,2104,"13,5 %",1553,1713,"10,3 %",219,242,60,755,0,11,1,1,11,1254,"5,7",128,8189,"64,0"
MAtv Montréal,matv,100064081568360,2012-10-16 12:22:58,30151,32087,"6,4 %",28796,30248,"5,0 %",689,2225,538,4562,17,27,7,11,77,9005,"13,1",555,319805,"576,2"
MAtv Montréal MAJ,MAtvMTL,100063709022561,2010-08-24 15:34:07,3492,3492,"0,0 %",3419,3419,"0,0 %",1,0,0,0,0,0,0,0,0,0,"0,0",0,0,"0,0"
MAtv Outaouais,MAtvOutaouais,100063547841524,2014-07-05 02:48:11,2024,2117,"4,6 %",1747,1817,"4,0 %",10,0,0,3,0,0,0,0,0,4,"0,4",6,243,"40,5"
MAtv Québec,MAtvQc,100063775620564,2014-04-23 02:37:44,8913,9215,"3,4 %",8343,8596,"3,0 %",339,701,496,1090,14,6,5,4,54,2803,"8,3",211,29856,"141,5"
MAtv Saguenay Lac-Saint-Jean,MAtvSLSJ,100063591131316,2014-06-09 20:49:35,6726,7310,"8,7 %",5241,5490,"4,8 %",228,382,198,794,1,8,1,0,7,1632,"7,2",124,16727,"134,9"
MAtv Sherbrooke,MAtvSherbrooke,100052099275257,2014-07-05 02:57:07,2339,2664,"13,9 %",2020,2253,"11,5 %",313,529,94,1023,0,4,1,0,13,1899,"6,1",145,9235,"63,7"
MAtv Sorel-Tracy,MAtvSorelTracy,100063544155408,2014-07-05 03:11:31,2219,2469,"11,3 %",1988,2179,"9,6 %",215,337,120,466,1,0,1,3,19,1544,"7,2",135,13366,"99,0"
Médiat,mediat,100060918554710,2010-09-08 14:26:44,1958,2325,"18,7 %",1647,1978,"20,1 %",242,636,182,536,1,7,2,2,11,1581,"6,5",199,18987,"95,4"
Médiat,mediattele,100063777723037,2015-04-05 19:03:12,30581,33268,"8,8 %",25714,27434,"6,7 %",1076,39675,16989,27874,1779,4063,6927,1026,1630,106615,"99,1",195,718606,"3685,2"
Métro - Ahuntsic & Cartierville,metroahuntsic,100049182683325,2012-04-16 18:04:08,2209,2281,"3,3 %",1926,2090,"8,5 %",844,172,116,448,11,26,30,9,18,917,"1,1",15,695,"46,3"
Métro - IDS - Verdun,metroidsverdun,100063647617442,2012-02-29 17:38:15,4819,4899,"1,7 %",4382,4615,"5,3 %",1023,776,437,2378,37,74,88,54,116,4559,"4,5",25,7307,"292,3"
Métro - LaSalle,metrolasalle,100063763924313,2012-02-29 20:19:37,2497,2557,"2,4 %",2195,2320,"5,7 %",843,490,148,531,19,53,73,36,20,1456,"1,7",14,1013,"72,4"
Métro - Mercier & Anjou,anjoumetro,100056465603419,2012-06-12 20:31:17,2928,3066,"4,7 %",2629,2846,"8,3 %",958,908,452,1082,51,93,124,94,53,3039,"3,2",13,1065,"81,9"
Métro - Montréal-Est & PAT,metropatmtlest,100063584318339,2012-02-23 15:43:18,3223,3488,"8,2 %",2951,3292,"11,6 %",895,1332,1145,2529,50,108,121,70,204,6296,"7,0",12,830,"69,2"
Métro - Montréal-Nord,metromtlnord,100063736202918,2012-06-12 20:00:08,3704,3935,"6,2 %",3404,3680,"8,1 %",936,996,453,1518,82,75,207,73,89,3904,"4,2",13,614,"47,2"
Métro - Ouest de l'Île,metroouestdelile,100063631208224,2012-03-22 19:34:53,1637,1699,"3,8 %",1412,1526,"8,1 %",918,192,65,225,6,21,8,5,4,567,"0,6",12,276,"23,0"
Métro - Outremont,metrooutremont,100067328052718,2012-04-24 17:36:21,1182,1207,"2,1 %",1021,1115,"9,2 %",631,56,11,94,1,0,4,3,0,178,"0,3",13,195,"15,0"
Métro - Rosemont,MetroRosemont,100063696123233,2010-08-04 19:37:44,6334,6396,"1,0 %",5866,6100,"4,0 %",846,299,343,979,48,51,111,32,39,2116,"2,5",15,1143,"76,2"
Métro - Saint-Léonard,metrostleonard,100063755671963,2012-03-21 18:12:30,1690,1819,"7,6 %",1469,1612,"9,7 %",869,358,78,577,8,17,15,5,17,1226,"1,4",12,306,"25,5"
Métro - Sud-Ouest,MetroSudOuest,100063654036114,2010-11-26 18:44:00,2559,2689,"5,1 %",2251,2472,"9,8 %",802,427,107,542,20,15,40,35,48,1327,"1,7",12,592,"49,3"
Métro Lachine,metrolachine,100063740492835,2012-03-23 17:17:17,3539,3601,"1,8 %",3106,3259,"4,9 %",926,395,298,893,32,44,40,33,71,2018,"2,2",13,1244,"95,7"
Métro Québec,metroquebechebdo,100063546582140,2009-07-02 00:09:01,17620,19181,"8,9 %",17847,19765,"10,7 %",5425,9163,13641,32360,4530,1795,2565,1489,912,72278,"13,3",8,728,"91,0"
Mon Matane,nouvelles.chrmchoematane,351524758377662,2014-11-21 20:41:22,6734,7860,"16,7 %",6394,7215,"12,8 %",2531,16211,10319,28854,1601,1614,2643,1060,1448,70032,"27,7",1,1961,"1961,0"
Mon Victo,,113366336708571,2019-09-04 17:41:23,3397,4582,"34,9 %",2994,3883,"29,7 %",3036,6283,3648,6522,682,673,1012,535,337,21204,"7,0",0,0,"0,0"
Monlimoilou,monlimoilou,147359678635384,2010-09-17 02:00:16,16038,18086,"12,8 %",15210,16879,"11,0 %",1593,4976,4698,12497,268,481,290,91,431,26936,"16,9",16,6241,"390,1"
Monmontcalm,monmontcalm,100063755161990,2014-06-13 14:39:03,4143,4667,"12,6 %",3810,4242,"11,3 %",1327,1494,631,3003,60,122,80,34,58,6202,"4,7",6,658,"109,7"
Monsaintroch,monsaintroch,309189509172401,2012-06-19 20:36:55,7333,8062,"9,9 %",6780,7346,"8,3 %",1422,1659,696,2796,31,112,147,50,112,6402,"4,5",11,1425,"129,5"
Monsaintsauveur,monsaintsauveur,100024731539177,2012-06-19 20:50:48,6198,6999,"12,9 %",5774,6420,"11,2 %",1310,2155,1515,4366,92,190,379,67,264,10376,"7,9",6,1523,"253,8"
Montbeillard En BREF,montbeillardenbref,100042407152770,2014-09-07 00:52:24,236,302,"28,0 %",212,280,"32,1 %",64,126,28,131,0,3,0,0,6,309,"4,8",4,56,"14,0"
Montreal Gazette,montrealgazette,100064469930497,2010-01-26 19:57:08,218987,230036,"5,0 %",198195,206647,"4,3 %",21550,109105,367692,649553,95168,31763,88547,38073,28204,1499478,"69,6",46,280623,"6100,5"
MSN Québec,msncanadafr,196774760345640,2011-03-14 15:17:14,158570,162029,"2,2 %",167266,168107,"0,5 %",16117,49915,224568,431862,47292,23378,66475,21904,40406,1009900,"62,7",1,951,"951,0"
MTL Blog,MTLBlog,254768477928383,2012-01-23 22:08:32,439754,454482,"3,3 %",429803,437880,"1,9 %",7355,156040,325061,722322,111432,39412,28616,21561,12187,1515672,"206,1",274,3397933,"12401,2"
Narcity Québec,NarcityQuebec,271036236431606,2014-08-19 00:51:32,411254,446499,"8,6 %",396130,411660,"3,9 %",9700,582610,1768555,1716765,221056,111861,45719,40196,22115,4832577,"498,2",303,4406740,"14543,7"
Néomédia Laval,NeomediaLaval,100028835366712,2010-05-31 19:34:27,4414,4534,"2,7 %",4084,4177,"2,3 %",1804,402,138,762,89,48,71,76,16,1690,"0,9",0,0,"0,0"
Néomédia Valleyfield,neomediavalleyfield,100063672125874,2017-04-25 19:52:04,2674,3175,"18,7 %",2303,2679,"16,3 %",2961,3994,894,2450,57,283,327,81,166,8749,"3,0",0,0,"0,0"
Néomédia Vaudreuil-Soulanges,neomediavaudreuilsoulanges,100063658401546,2015-04-15 14:24:47,13209,16538,"25,2 %",11872,14491,"22,1 %",5475,37165,23253,49994,2289,6645,7556,2167,2496,141896,"25,9",1,627,"627,0"
Noovo Info,noovo.info,107549134544919,2020-12-04 22:33:31,16511,31955,"93,5 %",10526,20934,"98,9 %",7218,68535,158658,213432,50298,20865,44070,15875,24935,647067,"89,6",431,3084306,"7156,2"
North Shore News,North.Shore.News.QC,100063457236729,2017-08-31 15:23:50,175,179,"2,3 %",168,172,"2,4 %",90,0,0,3,0,0,0,0,0,3,"0,0",1,0,"0,0"
Nouveau Projet,NPmag,100063615996988,2011-05-04 15:37:10,44178,45045,"2,0 %",43736,44941,"2,8 %",553,818,704,6114,92,87,76,34,234,10063,"18,2",4,389,"97,3"
Nouvelles d'Ici,nouvellesdicimedia,100063624337637,2020-09-08 13:43:26,2127,2387,"12,2 %",1923,2207,"14,8 %",196,1333,265,1009,0,69,12,13,27,3105,"15,8",4,385,"96,3"
Plaisirs. Le Devoir,ledevoirplaisirs,100070732694157,2021-07-12 14:42:46,2815,9173,"225,9 %",2725,8789,"222,5 %",530,7965,3736,53172,489,1013,130,88,956,74630,"140,8",0,0,"0,0"
Plume libre Montcalm,plumelibremontcalm,100063694446127,2013-11-11 21:09:39,9592,9807,"2,2 %",8823,8908,"1,0 %",1052,4654,1151,2842,33,100,346,68,344,10839,"10,3",173,74698,"431,8"
porte-monnaie,portemonnaieca,1551898518191408,2018-03-15 18:55:21,16919,18240,"7,8 %",15844,16964,"7,1 %",539,3629,7852,11097,1509,650,685,597,229,27398,"50,8",6,1525,"254,2"
Protégez-Vous,protegezvous,100064514807156,2010-06-18 12:39:38,183233,190831,"4,1 %",181182,187256,"3,4 %",1014,34328,13777,27235,16511,2419,662,1059,556,97853,"96,5",36,91967,"2554,6"
Quatre95,quatre95,575698229519777,2018-11-29 14:37:27,15667,17227,"10,0 %",14708,15968,"8,6 %",1220,4674,5576,18039,1126,208,199,156,304,32280,"26,5",60,1248478,"20808,0"
QUB radio,qubradio,2215333488686146,2018-08-28 17:09:19,26399,30764,"16,5 %",24057,26189,"8,9 %",3398,16469,91560,58239,26404,2409,3377,9707,5029,219771,"64,7",324,431326,"1331,3"
Québec Science,QuebecScience,100063797340575,2010-02-05 21:34:09,25269,27965,"10,7 %",23130,25345,"9,6 %",1655,6560,2191,23954,418,1378,304,148,554,38777,"23,4",48,7690,"160,2"
Rad,radpointca,100071327771558,2017-02-28 20:21:52,189072,196412,"3,9 %",115171,121118,"5,2 %",45,19233,5756,25095,496,1012,3982,1316,2540,64255,"1427,9",39,2380615,"61041,4"
Radio Acton,radioacton,124394004277741,2010-09-10 15:25:14,9748,11466,"17,6 %",8760,10016,"14,3 %",1829,10329,16193,11957,536,974,1658,336,697,46994,"25,7",133,122817,"923,4"
"Radio Anticosti 90,5",,468517777286271,2019-06-12 15:39:56,798,941,"17,9 %",721,850,"17,9 %",204,146,340,388,1,5,1,0,37,997,"4,9",6,609,"101,5"
"Radio Boréale CHOW 105,3",RadioBoreale,100063597849724,2010-03-15 17:46:38,3360,3880,"15,5 %",3109,3510,"12,9 %",573,7294,828,1879,21,162,304,74,145,11305,"19,7",5,169,"33,8"
Radio CHGA,chga.fm,100062495515650,2009-11-25 21:17:44,12265,13986,"14,0 %",11830,12943,"9,4 %",2838,25240,15454,42318,825,2824,5323,1295,1937,105929,"37,3",50,33933,"678,7"
"Radio Communautaire CJTB 93,1",radiocommunautairecjtb,100032460022756,2018-12-02 18:24:06,739,991,"34,1 %",681,856,"25,7 %",289,782,381,1872,12,39,19,4,59,3910,"13,5",0,0,"0,0"
Radio Gaspésie,radiogaspesie,100063620350246,2011-09-02 19:12:53,40749,41984,"3,0 %",25330,26919,"6,3 %",2668,11900,62051,53654,858,1506,1378,520,1153,145639,"54,6",107,416086,"3888,7"
"Radio S 100,5-fm Senneterre",cibofm,100064480158321,2012-10-18 15:09:37,604,683,"13,1 %",549,636,"15,8 %",86,225,23,148,0,0,1,0,0,414,"4,8",6,99,"16,5"
"Radio X - CHOI 98,1",radioxquebec,100045589174903,2011-03-30 21:19:42,84902,93678,"10,3 %",81265,86072,"5,9 %",1095,28400,88857,96153,22702,5074,14497,6211,4941,288275,"263,3",216,827681,"3831,9"
Radio-Canada Information,radiocanada.info,131191820259167,2010-08-11 18:30:16,1332055,1456538,"9,3 %",935794,970194,"3,7 %",13556,585914,1049820,2497581,372622,189901,314857,199103,152756,5691977,"419,9",2273,49302901,"21690,7"
Radio-Canada Science,radiocanada.science,100063490903558,2016-09-26 18:07:25,104666,119026,"13,7 %",91936,103574,"12,7 %",1523,86661,53247,548515,15352,42547,8785,2729,5450,798832,"524,5",231,925903,"4008,2"
Radio-Canada Sports,radiocanada.sports,100064435129941,2010-10-29 15:46:51,138007,164575,"19,3 %",113877,123302,"8,3 %",5135,76521,226637,1166537,25533,27355,25785,8556,46419,1852583,"360,8",443,7542433,"17025,8"
Radio-Canada Techno,radiocanadatechno,100039534405709,2010-10-26 03:31:59,20800,25382,"22,0 %",19587,23343,"19,2 %",2707,23959,32300,189597,15981,7607,2054,2657,1777,292906,"108,2",184,61846,"336,1"
RDS,RDS,100064854125890,2009-08-10 17:38:31,465812,528280,"13,4 %",410411,426573,"3,9 %",14511,416857,1637451,6745034,554319,216411,188860,62613,142624,11233397,"774,1",1859,84261498,"45326,2"
Reflet de Société,RefletdeSociete,100041318425885,2012-01-20 21:13:12,1093,1201,"9,9 %",1023,1106,"8,1 %",386,45,23,120,3,1,1,0,5,213,"0,6",15,98,"6,5"
RTC CILE Havre Saint Pierre,rtccile,100063612339182,2010-07-13 18:51:46,4688,5015,"7,0 %",4517,4774,"5,7 %",1620,2442,1042,1648,280,47,156,2,144,5996,"3,7",10,7103,"710,3"
Silo 57,silo57,100063896890083,2017-05-23 15:48:09,31526,38278,"21,4 %",28540,34800,"21,9 %",2087,26909,44680,77711,1405,2916,1521,223,659,170782,"81,8",11,191041,"17367,4"
Sorel-Tracy Express.ca,soreltracyexpress.ca,134811643264666,2011-07-01 04:00:39,1388,1484,"6,9 %",1266,1352,"6,8 %",1370,216,139,148,59,9,7,4,3,596,"0,4",0,0,"0,0"
SorelTracy Magazine,soreltracymagazine,100063142123515,2011-07-29 15:08:55,4660,5417,"16,2 %",4187,4614,"10,2 %",1845,7700,4874,8407,273,856,1192,295,420,26258,"14,2",4,28185,"7046,3"
Sors-tu.ca,Sorstuca,100050500839215,2010-05-25 14:34:09,18073,19098,"5,7 %",17681,18694,"5,7 %",525,893,1886,5769,683,462,153,20,166,12326,"23,5",26,4735,"182,1"
Télévision du Sud Ouest   TVSO / MAtv-9,TVSO9,100042169882937,2011-09-20 17:12:32,5308,5471,"3,1 %",4601,4765,"3,6 %",200,937,325,1353,10,15,2,0,44,3371,"16,9",104,14902,"143,3"
Télévision Rive-Sud-TVRS,TVRiveSud,100063577390307,2010-11-04 23:27:05,13195,13441,"1,9 %",12358,12635,"2,2 %",2418,1376,377,1868,34,62,69,81,116,4518,"1,9",59,7426,"125,9"
The Record,sherbrookerecord,100063529393567,2010-07-02 18:04:56,6824,7801,"14,3 %",6462,7264,"12,4 %",1721,5916,4039,27070,361,1014,1221,380,1121,45682,"26,5",11,5130,"466,4"
Tout un matin,toutunmatin,1387489814797612,2013-06-18 23:52:49,49722,54528,"9,7 %",45780,48787,"6,6 %",1610,12530,53606,82320,7617,6083,8754,5015,7123,207129,"128,7",19,119011,"6263,7"
TVA Abitibi-Témiscamingue,tvaabitibi,100063574718917,2012-08-06 19:50:17,40371,43791,"8,5 %",38502,40391,"4,9 %",2675,61305,57607,48338,5469,7026,17507,5753,3718,217068,"81,1",133,194290,"1460,8"
TVA Est-du-Québec,tvaestduquebec,134592973261866,2010-11-25 14:15:27,32172,35891,"11,6 %",30173,32585,"8,0 %",1921,19621,14665,37485,2586,2859,5853,1919,2362,93764,"48,8",300,761250,"2537,5"
TVA Gatineau-Ottawa,tvagatineauottawa,213820898747207,2012-08-08 15:53:18,87061,88624,"1,8 %",80544,81110,"0,7 %",3720,42229,67757,62543,11618,9564,29310,11710,6871,256401,"68,9",539,380749,"706,4"
TVA Nouvelles,TVAnouvelles,100064851813351,2009-10-26 15:05:46,1204666,1228062,"1,9 %",1186043,1211244,"2,1 %",18163,1248823,3144557,3574259,986889,608782,1343172,710063,402010,12792461,"704,3",60,3095093,"51584,9"
TVA Nouvelles économie,TVANOUVELLESeconomie,479014518785327,2012-10-15 20:24:21,9652,9961,"3,2 %",8969,9025,"0,6 %",1183,2333,1991,2811,1045,401,197,528,47,9593,"8,1",1,370,"370,0"
TVA Québec,tvaquebec,100038572578353,2010-05-18 17:19:00,58017,73953,"27,5 %",56611,71377,"26,1 %",3561,83467,97132,208922,27040,10803,16996,17292,14302,539983,"151,6",790,14287871,"18085,9"
TVA Saguenay-Lac-St-Jean,TVASaguenayLacStJean,154703251237678,2010-10-28 18:22:49,49252,51933,"5,4 %",43794,45894,"4,8 %",1550,27807,39750,53762,6289,5793,16395,4954,6174,175688,"113,3",19,144344,"7597,1"
TVA Sherbrooke,TVASherbrooke,167332933286664,2010-10-28 13:45:07,52337,55438,"5,9 %",50110,52064,"3,9 %",1580,24677,23782,38355,4753,4627,9304,4900,2807,121597,"77,0",49,685266,"13985,0"
TVA Sports,TVASports,100064823193433,2011-05-31 09:20:32,408386,427458,"4,7 %",371405,388068,"4,5 %",5462,146661,598136,2095149,159311,47304,62425,21416,49541,3532333,"646,7",1112,33367191,"30006,5"
TVBL - La Télévision des Basses-Laurentides,TVBL09,100064785753977,2011-01-28 15:46:08,4270,5057,"18,4 %",3892,4716,"21,2 %",1455,1197,959,3463,303,48,68,8,248,7790,"5,4",74,7915,"107,0"
Unpointcinq,unpointcinq,100063522862860,2017-06-16 17:25:01,64322,75046,"16,7 %",62375,72992,"17,0 %",610,7722,5683,34033,1698,815,90,113,1269,58155,"95,3",32,67906,"2122,1"
URBANIA,URBANIA,100064731343439,2009-04-17 19:39:45,191145,220073,"15,1 %",170313,179182,"5,2 %",3100,38143,49247,139696,26803,1982,4659,2122,16722,327206,"105,6",657,10062138,"15315,3"
Vallée-du-Richelieu Express.ca,valleedurichelieu,100062131158086,2011-06-16 22:01:07,904,944,"4,4 %",803,875,"9,0 %",1358,13,9,40,0,0,0,0,0,64,"0,0",0,0,"0,0"
Versants du Mont-Bruno,VersantsMontBruno,170331766319237,2010-11-17 02:40:52,4358,4804,"10,2 %",4143,4463,"7,7 %",1465,1403,1543,5154,37,129,262,132,151,10064,"6,9",0,0,"0,0"
VINGT 55,vingt55,100063549313728,2017-05-05 15:56:16,27856,33367,"19,8 %",23712,27733,"17,0 %",2734,78620,38886,66076,4162,12230,15493,3608,3679,237322,"86,8",73,214697,"2941,1"
VIVA média,groupe.VIVAmedia,100046590501152,2013-12-10 19:20:17,24802,27069,"9,1 %",22607,24096,"6,6 %",1912,31621,24063,47646,834,3653,8104,1573,2794,131068,"68,6",40,84557,"2113,9"
West Island News,westislandnews,100064725337571,2014-05-14 22:43:55,92893,94706,"2,0 %",35918,37980,"5,7 %",2020,23186,23127,46979,5769,5604,7591,2037,2964,126269,"62,5",399,758076,"1899,9"
West QuebecPost,west.quebecpost,100063667715164,2009-09-28 14:54:49,787,787,"0,0 %",772,772,"0,0 %",1,3,0,0,0,0,0,0,0,3,"3,0",0,0,"0,0"
www.lanouvelle.net,lanouvellenet,100063623140529,2010-04-02 15:07:21,28971,33397,"15,3 %",27254,31606,"16,0 %",9344,62391,54175,127344,13372,9478,17126,5655,5778,327050,"35,0",15,271318,"18087,9"
www.zone911.com,zone911,100064662494741,2009-06-15 22:00:21,133462,142286,"6,6 %",130216,137326,"5,5 %",1932,155948,86696,82364,17225,49275,86698,15235,6135,509506,"263,7",4,57657,"14414,3"
Zone économie,zoneeconomie,100064316334204,2014-07-01 12:16:05,130931,161472,"23,3 %",107396,138407,"28,9 %",997,69906,84341,140726,25636,7094,4597,30826,2683,374850,"376,0",341,8044753,"23591,7"
